小韻號	代表字	韻部	八思巴字聲母	八思巴字韻母	來自韻圖等	unt擬音	unt轉寫
1	公	一東	ꡂ	ꡟꡃ	一二	kuŋ	kuŋ
2	空	一東	ꡁ	ꡟꡃ	一二	kʰuŋ	kʰuŋ
3	東	一東	ꡊ	ꡟꡃ	一	tuŋ	tuŋ
4	通	一東	ꡉ	ꡟꡃ	一	tʰuŋ	tʰuŋ
5	同	一東	ꡈ	ꡟꡃ	一	duŋ	duŋ
6	農	一東	ꡋ	ꡟꡃ	一	nuŋ	nuŋ
7	中	一東	ꡆ	ꡟꡃ	三	tʂyŋ	tʂuŋ
8	忡	一東	ꡅ	ꡟꡃ	三	tʂʰyŋ	tʂʰuŋ
9	崇	一東	ꡄ	ꡟꡃ	二	dʐuŋ	dʐuŋ
10	醲	一東	ꡇ	ꡟꡃ	三	nyŋ	ɲuŋ
11	琫	一東	ꡎ	ꡟꡃ	一	puŋ	puŋ
12	蓬	一東	ꡌ	ꡟꡃ	一	buŋ	buŋ
13	蒙	一東	ꡏ	ꡟꡃ	一二	muŋ	muŋ
14	風	一東	ꡰ	ꡟꡃ	轻	fuŋ	vuŋ
15	馮	一東	ꡤ	ꡟꡃ	轻	vuŋ	fuŋ
16	瞢	一東	ꡓ	ꡟꡃ	轻	ʋuŋ	wuŋ
17	鬷	一東	ꡒ	ꡟꡃ	一	tsuŋ	tsuŋ
18	怱	一東	ꡑ	ꡟꡃ	一	tsʰuŋ	tsʰuŋ
19	叢	一東	ꡐ	ꡟꡃ	一	dzuŋ	dzuŋ
20	鬆	一東	ꡛ	ꡟꡃ	一	suŋ	suŋ
21	舂	一東	ꡮ	ꡟꡃ	三	ʂyŋ	ʂuŋ
22	慵	一東	ꡚ	ꡟꡃ	三	ʐyŋ	ʐuŋ
23	轟	一東	ꡜ	ꡟꡃ	一二	χuŋ	ħuŋ
24	洪	一東	ꡣ	ꡟꡃ	一二	ʁuŋ	ʁuŋ
25	翁	一東	ꡖ	ꡟꡃ	一	ʡuŋ	ʔuŋ
26	籠	一東	ꡙ	ꡟꡃ	一	luŋ	luŋ
27	弓	一東	ꡂ	ꡦꡟꡃ	三	kyŋ	kjuŋ
28	穹	一東	ꡁ	ꡦꡟꡃ	三	kʰyŋ	kʰjuŋ
29	窮	一東	ꡀ	ꡦꡟꡃ	三	ɡyŋ	ɡjuŋ
30	蟲	一東	ꡄ	ꡦꡟꡃ	三	dʐyŋ	dʐjuŋ
31	縱	一東	ꡒ	ꡦꡟꡃ	四	tsyŋ	tsjuŋ
32	樅	一東	ꡑ	ꡦꡟꡃ	四	tsʰyŋ	tsʰjuŋ
33	從	一東	ꡐ	ꡦꡟꡃ	四	dzyŋ	dzjuŋ
34	嵩	一東	ꡛ	ꡦꡟꡃ	四	syŋ	sjuŋ
35	松	一東	ꡕ	ꡦꡟꡃ	四	zyŋ	zjuŋ
36	胷	一東	ꡜ	ꡦꡟꡃ	三	xyŋ	ħjuŋ
37	雍	一東	ꡖ	ꡦꡟꡃ	三	ʡyŋ	ʔjuŋ
38	顒	一東	ꡝ	ꡦꡟꡃ	三	wyŋ	ɦjuŋ
39	縈	一東	ꡗ	ꡦꡟꡃ	四	ʔyŋ	ʔ͡jjuŋ
40	融	一東	ꡭ	ꡦꡟꡃ	四	yŋ	jjuŋ
41	隆	一東	ꡙ	ꡦꡟꡃ	三	lyŋ	ljuŋ
42	戎	一東	ꡔ	ꡦꡟꡃ	三	ɻyŋ	ɻjuŋ
43	驚	二庚	ꡂ	ꡞꡃ	三	kiŋ	kiŋ
44	卿	二庚	ꡁ	ꡞꡃ	三	kʰiŋ	kʰiŋ
45	擎	二庚	ꡀ	ꡞꡃ	三	ɡiŋ	ɡiŋ
46	迎	二庚	ꡃ	ꡞꡃ	三	ŋiŋ	ŋiŋ
47	丁	二庚	ꡊ	ꡞꡃ	四	tiŋ	tiŋ
48	汀	二庚	ꡉ	ꡞꡃ	四	tʰiŋ	tʰiŋ
49	庭	二庚	ꡈ	ꡞꡃ	四	diŋ	diŋ
50	寧	二庚	ꡋ	ꡞꡃ	四	niŋ	niŋ
51	貞	二庚	ꡆ	ꡞꡃ	三	tʂiŋ	tʂiŋ
52	檉	二庚	ꡅ	ꡞꡃ	三	tʂʰiŋ	tʂʰiŋ
53	呈	二庚	ꡄ	ꡞꡃ	三	dʐiŋ	dʐiŋ
54	兵	二庚	ꡎ	ꡞꡃ	三四	piŋ	piŋ
55	俜	二庚	ꡍ	ꡞꡃ	三四	pʰiŋ	pʰiŋ
56	平	二庚	ꡌ	ꡞꡃ	三四	biŋ	biŋ
57	䫤	二庚	ꡏ	ꡞꡃ	三四	miŋ	miŋ
58	蜻	二庚	ꡒ	ꡞꡃ	四	tsiŋ	tsiŋ
59	鯖	二庚	ꡑ	ꡞꡃ	四	tsʰiŋ	tsʰiŋ
60	情	二庚	ꡐ	ꡞꡃ	四	dziŋ	dziŋ
61	星	二庚	ꡛ	ꡞꡃ	四	siŋ	siŋ
62	餳	二庚	ꡕ	ꡞꡃ	四	ziŋ	ziŋ
63	聲	二庚	ꡮ	ꡞꡃ	三	ʂiŋ	ʂiŋ
64	成	二庚	ꡚ	ꡞꡃ	三	ʐiŋ	ʐiŋ
65	恒	二庚	ꡣ	ꡞꡃ	一	ʁɨŋ	ʁiŋ
66	霙	二庚	ꡖ	ꡞꡃ	三	ʡiŋ	ʔiŋ
67	甖	二庚	ꡗ	ꡞꡃ	二四	ʔiŋ	ʔ͡jiŋ
68	㜲	二庚	ꡭ	ꡞꡃ	二四	iŋ	jiŋ
69	令	二庚	ꡙ	ꡞꡃ	三四	liŋ	liŋ
70	仍	二庚	ꡔ	ꡞꡃ	三	ɻiŋ	ɻiŋ
71	搄	二庚	ꡂ	ꡜꡞꡃ	一	kɨŋ	kħiŋ
72	肯	二庚	ꡁ	ꡜꡞꡃ	一	kʰɨŋ	kʰħiŋ
73	登	二庚	ꡊ	ꡜꡞꡃ	一	tɨŋ	tħiŋ
74	騰	二庚	ꡈ	ꡜꡞꡃ	一	dɨŋ	dħiŋ
75	獰	二庚	ꡋ	ꡜꡞꡃ	一二	nɨŋ	nħiŋ
76	丁	二庚	ꡆ	ꡜꡞꡃ	二	tʂɨŋ	tʂħiŋ
77	瞠	二庚	ꡅ	ꡜꡞꡃ	二	tʂʰɨŋ	tʂʰħiŋ
78	棖	二庚	ꡄ	ꡜꡞꡃ	二	dʐɨŋ	dʐħiŋ
79	崩	二庚	ꡎ	ꡜꡞꡃ	一二	pɨŋ	pħiŋ
80	烹	二庚	ꡍ	ꡜꡞꡃ	一二	pʰɨŋ	pʰħiŋ
81	彭	二庚	ꡌ	ꡜꡞꡃ	一二	bɨŋ	bħiŋ
82	增	二庚	ꡒ	ꡜꡞꡃ	一	tsɨŋ	tsħiŋ
83	層	二庚	ꡐ	ꡜꡞꡃ	一	dzɨŋ	dzħiŋ
84	僧	二庚	ꡛ	ꡜꡞꡃ	一	sɨŋ	sħiŋ
85	生	二庚	ꡮ	ꡜꡞꡃ	二	ʂɨŋ	ʂħiŋ
86	楞	二庚	ꡙ	ꡜꡞꡃ	一二	lɨŋ	lħiŋ
87	扃	二庚	ꡂ	ꡦꡟꡃ₂	四	cyŋ	kjuŋ₂
88	傾	二庚	ꡁ	ꡦꡟꡃ₂	四	cʰyŋ	kʰjuŋ₂
89	瓊	二庚	ꡀ	ꡦꡟꡃ₂	四	ɟyŋ	ɡjuŋ₂
90	詗	二庚	ꡜ	ꡦꡟꡃ₂	四	çyŋ	ħjuŋ₂
91	雄	二庚	ꡯ	ꡦꡟꡃ₂	三四	ʝyŋ	ʝjuŋ₂
92	庚	二庚	ꡂ	ꡦꡞꡃ	二四	ciŋ	kjiŋ
93	阬	二庚	ꡁ	ꡦꡞꡃ	二四	cʰiŋ	kʰjiŋ
94	脝	二庚	ꡜ	ꡦꡞꡃ	二三四	xiŋ	ħjiŋ
95	兄	二庚	ꡜ	ꡧꡞꡃ	三	xyŋ	ħwiŋ
96	泓	二庚	ꡖ	ꡧꡟꡃ	二	ʡuŋ	ʔwuŋ
97	行	二庚	ꡯ	ꡦꡞꡃ₂	二四	ʝiŋ	ʝjiŋ₂
98	岡	三陽	ꡂ	ꡃ	一	kaŋ	kaŋ
99	康	三陽	ꡁ	ꡃ	一	kʰaŋ	kʰaŋ
100	昂	三陽	ꡃ	ꡃ	一	ŋaŋ	ŋaŋ
101	當	三陽	ꡊ	ꡃ	一	taŋ	taŋ
102	湯	三陽	ꡉ	ꡃ	一	tʰaŋ	tʰaŋ
103	唐	三陽	ꡈ	ꡃ	一	daŋ	daŋ
104	囊	三陽	ꡋ	ꡃ	一	naŋ	naŋ
105	張	三陽	ꡆ	ꡃ	三	tʂjaŋ	tʂaŋ
106	猖	三陽	ꡅ	ꡃ	三	tʂʰjaŋ	tʂʰaŋ
107	長	三陽	ꡄ	ꡃ	三	dʐjaŋ	dʐaŋ
108	娘	三陽	ꡇ	ꡃ	三	njaŋ	ɲaŋ
109	幫	三陽	ꡎ	ꡃ	一二	paŋ	paŋ
110	滂	三陽	ꡍ	ꡃ	一二	pʰaŋ	pʰaŋ
111	傍	三陽	ꡌ	ꡃ	一二	baŋ	baŋ
112	茫	三陽	ꡏ	ꡃ	一二	maŋ	maŋ
113	祊	三陽	ꡰ	ꡃ	轻	faŋ	vaŋ
114	房	三陽	ꡤ	ꡃ	轻	vaŋ	faŋ
115	亡	三陽	ꡓ	ꡃ	轻	ʋaŋ	waŋ
116	臧	三陽	ꡒ	ꡃ	一	tsaŋ	tsaŋ
117	倉	三陽	ꡑ	ꡃ	一	tsʰaŋ	tsʰaŋ
118	藏	三陽	ꡐ	ꡃ	一	dzaŋ	dzaŋ
119	桑	三陽	ꡛ	ꡃ	一	saŋ	saŋ
120	商	三陽	ꡮ	ꡃ	三	ʂjaŋ	ʂaŋ
121	常	三陽	ꡚ	ꡃ	三	ʐjaŋ	ʐaŋ
122	航	三陽	ꡣ	ꡃ	一	ʁaŋ	ʁaŋ
123	坱	三陽	ꡖ	ꡃ	一	ʡaŋ	ʔaŋ
124	陽	三陽	ꡭ	ꡃ	四	jaŋ	jaŋ
125	筤	三陽	ꡙ	ꡃ	一	laŋ	laŋ
126	穰	三陽	ꡔ	ꡃ	三	ɻjaŋ	ɻaŋ
127	薑	三陽	ꡂ	ꡦꡃ	二三	kjaŋ	kjeŋ
128	羌	三陽	ꡁ	ꡦꡃ	二三	kʰjaŋ	kʰjeŋ
129	強	三陽	ꡀ	ꡦꡃ	三	ɡjaŋ	ɡjeŋ
130	仰	三陽	ꡃ	ꡦꡃ	二三	ŋjaŋ	ŋjeŋ
131	將	三陽	ꡒ	ꡦꡃ	四	tsjaŋ	tsjeŋ
132	蹡	三陽	ꡑ	ꡦꡃ	四	tsʰjaŋ	tsʰjeŋ
133	牆	三陽	ꡐ	ꡦꡃ	四	dzjaŋ	dzjeŋ
134	纕	三陽	ꡛ	ꡦꡃ	四	sjaŋ	sjeŋ
135	詳	三陽	ꡕ	ꡦꡃ	四	zjaŋ	zjeŋ
136	香	三陽	ꡜ	ꡦꡃ	二三	xjaŋ	ħjeŋ
137	降	三陽	ꡯ	ꡦꡃ	二	ʝjaŋ	ʝjeŋ
138	央	三陽	ꡖ	ꡦꡃ	二三	ʡjaŋ	ʔjeŋ
139	良	三陽	ꡙ	ꡦꡃ	三	ljaŋ	ljeŋ
140	光	三陽	ꡂ	ꡧꡃ	一三	kwaŋ	kwaŋ
141	匡	三陽	ꡁ	ꡧꡃ	一三	kʰwaŋ	kʰwaŋ
142	狂	三陽	ꡀ	ꡧꡃ	三	ɡwaŋ	ɡwaŋ
143	樁	三陽	ꡆ	ꡧꡃ	二	tʂwaŋ	tʂwaŋ
144	䆫	三陽	ꡅ	ꡧꡃ	二	tʂʰwaŋ	tʂʰwaŋ
145	幢	三陽	ꡄ	ꡧꡃ	二	dʐwaŋ	dʐwaŋ
146	雙	三陽	ꡮ	ꡧꡃ	二	ʂwaŋ	ʂwaŋ
147	荒	三陽	ꡜ	ꡧꡃ	一	χwaŋ	ħwaŋ
148	汪	三陽	ꡖ	ꡧꡃ	一三	ʡwaŋ	ʔwaŋ
149	王	三陽	ꡝ	ꡧꡃ	三	waŋ	ɦwaŋ
150	瀧	三陽	ꡙ	ꡧꡃ	二	lwaŋ	lwaŋ
151	莊	三陽	ꡆ	ꡜꡃ	二	tʂaŋ	tʂħaŋ
152	創	三陽	ꡅ	ꡜꡃ	二	tʂʰaŋ	tʂʰħaŋ
153	牀	三陽	ꡄ	ꡜꡃ	二	dʐaŋ	dʐħaŋ
154	霜	三陽	ꡮ	ꡜꡃ	二	ʂaŋ	ʂħaŋ
155	湟	三陽	ꡣ	ꡡꡃ	一	ʁwaŋ	ʁoŋ
156	怳	三陽	ꡜ	ꡧꡦꡃ	三	xwaŋ	ħwjeŋ
157	羈	四支	ꡂ	ꡞ	三	ki	ki
158	魌	四支	ꡁ	ꡞ	三	kʰi	kʰi
159	竒	四支	ꡀ	ꡞ	三	ɡi	ɡi
160	宜	四支	ꡃ	ꡞ	三	ŋi	ŋi
161	低	四支	ꡊ	ꡞ	四	ti	ti
162	梯	四支	ꡉ	ꡞ	四	tʰi	tʰi
163	嗁	四支	ꡈ	ꡞ	四	di	di
164	泥	四支	ꡋ	ꡞ	四	ni	ni
165	知	四支	ꡆ	ꡞ	三	tʂi	tʂi
166	絺	四支	ꡅ	ꡞ	三	tʂʰi	tʂʰi
167	馳	四支	ꡄ	ꡞ	三	dʐi	dʐi
168	尼	四支	ꡇ	ꡞ	三	ni	ɲi
169	卑	四支	ꡎ	ꡞ	四	pi	pi
170	紕	四支	ꡍ	ꡞ	四	pʰi	pʰi
171	陴	四支	ꡌ	ꡞ	四	bi	bi
172	弥	四支	ꡏ	ꡞ	四	mi	mi
173	菲	四支	ꡰ	ꡞ	轻	fi	vi
174	肥	四支	ꡤ	ꡞ	轻	vi	fi
175	微	四支	ꡓ	ꡞ	轻	ʋi	wi
176	齎	四支	ꡒ	ꡞ	四	tsi	tsi
177	妻	四支	ꡑ	ꡞ	四	tsʰi	tsʰi
178	齊	四支	ꡐ	ꡞ	四	dzi	dzi
179	西	四支	ꡛ	ꡞ	四	si	si
180	席	四支	ꡕ	ꡞ	四	zi	zi
181	絁	四支	ꡮ	ꡞ	二三	ʂi	ʂi
182	時	四支	ꡚ	ꡞ	三	ʐi	ʐi
183	犧	四支	ꡜ	ꡞ	三	xi	ħi
184	漪	四支	ꡖ	ꡞ	三	ʡi	ʔi
185	伊	四支	ꡗ	ꡞ	四	ʔi	ʔ͡ji
186	移	四支	ꡭ	ꡞ	四	i	ji
187	離	四支	ꡙ	ꡞ	三四	li	li
188	兒	四支	ꡔ	ꡞ	三	ɻi	ɻi
189	菑	四支	ꡆ	ꡜꡞ	二	tʂɨ	tʂħi
190	差	四支	ꡅ	ꡜꡞ	二	tʂʰɨ	tʂʰħi
191	漦	四支	ꡄ	ꡜꡞ	二	dʐɨ	dʐħi
192	貲	四支	ꡒ	ꡜꡞ	四	tsɨ	tsħi
193	雌	四支	ꡑ	ꡜꡞ	四	tsʰɨ	tsʰħi
194	慈	四支	ꡐ	ꡜꡞ	四	dzɨ	dzħi
195	思	四支	ꡛ	ꡜꡞ	四	sɨ	sħi
196	詞	四支	ꡕ	ꡜꡞ	四	zɨ	zħi
197	釃	四支	ꡮ	ꡜꡞ	二	ʂɨ	ʂħi
198	鷄	四支	ꡂ	ꡦꡞ	四	ci	kji
199	谿	四支	ꡁ	ꡦꡞ	四	cʰi	kʰji
200	祇	四支	ꡀ	ꡦꡞ	四	ɟi	ɡji
201	醯	四支	ꡜ	ꡦꡞ	四	çi	ħji
202	奚	四支	ꡯ	ꡦꡞ	四	ʝi	ʝji
203	嬀	四支	ꡂ	ꡟꡠ	一三	kuj	kue
204	虧	四支	ꡁ	ꡟꡠ	一三	kʰuj	kʰue
205	逵	四支	ꡀ	ꡟꡠ	三	ɡuj	ɡue
206	磓	四支	ꡊ	ꡟꡠ	一	tuj	tue
207	蓷	四支	ꡉ	ꡟꡠ	一	tʰuj	tʰue
208	頹	四支	ꡈ	ꡟꡠ	一	duj	due
209	捼	四支	ꡋ	ꡟꡠ	一	nuj	nue
210	追	四支	ꡆ	ꡟꡠ	三	tʂuj	tʂue
211	吹	四支	ꡅ	ꡟꡠ	二三	tʂʰuj	tʂʰue
212	鬌	四支	ꡄ	ꡟꡠ	三	dʐuj	dʐue
213	諉	四支	ꡇ	ꡟꡠ	三	nuj	ɲue
214	陂	四支	ꡎ	ꡟꡠ	一三	puj	pue
215	披	四支	ꡍ	ꡟꡠ	一三	pʰuj	pʰue
216	皮	四支	ꡌ	ꡟꡠ	一三	buj	bue
217	酶	四支	ꡏ	ꡟꡠ	一三	muj	mue
218	劑	四支	ꡒ	ꡟꡠ	一四	tsuj	tsue
219	崔	四支	ꡑ	ꡟꡠ	一四	tsʰuj	tsʰue
220	摧	四支	ꡐ	ꡟꡠ	一四	dzuj	dzue
221	眭	四支	ꡛ	ꡟꡠ	一四	suj	sue
222	隨	四支	ꡕ	ꡟꡠ	四	zuj	zue
223	水	四支	ꡮ	ꡟꡠ	二三	ʂuj	ʂue
224	垂	四支	ꡚ	ꡟꡠ	三	ʐuj	ʐue
225	灰	四支	ꡜ	ꡟꡠ	一	χuj	ħue
226	迴	四支	ꡣ	ꡟꡠ	一	ʁuj	ʁue
227	逶	四支	ꡖ	ꡟꡠ	一三	ʡuj	ʔue
228	危	四支	ꡝ	ꡟꡠ	一三	wuj	ɦue
229	纍	四支	ꡙ	ꡟꡠ	一三	luj	lue
230	蕤	四支	ꡔ	ꡟꡠ	三	ɻuj	ɻue
231	規	四支	ꡂ	ꡦꡟꡠ	四	cyj	kjue
232	闚	四支	ꡁ	ꡦꡟꡠ	四	cʰyj	kʰjue
233	葵	四支	ꡀ	ꡦꡟꡠ	四	ɟyj	ɡjue
234	嘒	四支	ꡜ	ꡦꡟꡠ	四	çyj	ħjue
235	攜	四支	ꡯ	ꡦꡟꡠ	四	ʝyj	ʝjue
236	麾	四支	ꡜ	ꡦꡟꡠ₂	三	xuj	ħjue₂
237	恚	四支	ꡖ	ꡧꡞ	四	ʔyj	ʔwi
238	惟	四支	ꡭ	ꡧꡞ	四	yj	jwi
239	孤	五魚	ꡂ	ꡟ	一	ku	ku
240	恗	五魚	ꡁ	ꡟ	一	kʰu	kʰu
241	都	五魚	ꡊ	ꡟ	一	tu	tu
242	土	五魚	ꡉ	ꡟ	一	tʰu	tʰu
243	徒	五魚	ꡈ	ꡟ	一	du	du
244	奴	五魚	ꡋ	ꡟ	一	nu	nu
245	葅	五魚	ꡆ	ꡟ	二	tʂu	tʂu
246	初	五魚	ꡅ	ꡟ	二	tʂʰu	tʂʰu
247	鉏	五魚	ꡄ	ꡟ	二	dʐu	dʐu
248	逋	五魚	ꡎ	ꡟ	一	pu	pu
249	鋪	五魚	ꡍ	ꡟ	一	pʰu	pʰu
250	酺	五魚	ꡌ	ꡟ	一	bu	bu
251	模	五魚	ꡏ	ꡟ	一	mu	mu
252	跗	五魚	ꡰ	ꡟ	一輕	fu	vu
253	扶	五魚	ꡤ	ꡟ	轻	vu	fu
254	無	五魚	ꡓ	ꡟ	轻	ʋu	wu
255	租	五魚	ꡒ	ꡟ	一	tsu	tsu
256	麤	五魚	ꡑ	ꡟ	一	tsʰu	tsʰu
257	徂	五魚	ꡐ	ꡟ	一	dzu	dzu
258	蘇	五魚	ꡛ	ꡟ	一	su	su
259	䟽	五魚	ꡮ	ꡟ	二	ʂu	ʂu
260	呼	五魚	ꡜ	ꡟ	一	χu	ħu
261	胡	五魚	ꡣ	ꡟ	一	ʁu	ʁu
262	烏	五魚	ꡖ	ꡟ	一	ʡu	ʔu
263	盧	五魚	ꡙ	ꡟ	一	lu	lu
264	居	五魚	ꡂ	ꡦꡟ	三	kɥu	kju
265	墟	五魚	ꡁ	ꡦꡟ	三	kʰɥu	kʰju
266	渠	五魚	ꡀ	ꡦꡟ	三	ɡɥu	ɡju
267	豬	五魚	ꡆ	ꡦꡟ	三	tʂɥu	tʂju
268	攄	五魚	ꡅ	ꡦꡟ	三	tʂʰɥu	tʂʰju
269	除	五魚	ꡄ	ꡦꡟ	三	dʐɥu	dʐju
270	袽	五魚	ꡇ	ꡦꡟ	三	nɥu	ɲju
271	且	五魚	ꡒ	ꡦꡟ	四	tsɥu	tsju
272	疽	五魚	ꡑ	ꡦꡟ	四	tsʰɥu	tsʰju
273	咀	五魚	ꡐ	ꡦꡟ	四	dzɥu	dzju
274	胥	五魚	ꡛ	ꡦꡟ	四	sɥu	sju
275	徐	五魚	ꡕ	ꡦꡟ	四	zɥu	zju
276	書	五魚	ꡮ	ꡦꡟ	三	ʂɥu	ʂju
277	蜍	五魚	ꡚ	ꡦꡟ	三	ʐɥu	ʐju
278	虚	五魚	ꡜ	ꡦꡟ	三	xɥu	ħju
279	於	五魚	ꡖ	ꡦꡟ	三	ʡɥu	ʔju
280	魚	五魚	ꡝ	ꡦꡟ	三	wɥu	ɦju
281	余	五魚	ꡭ	ꡦꡟ	四	ɥu	jju
282	臚	五魚	ꡙ	ꡦꡟ	三	lɥu	lju
283	如	五魚	ꡔ	ꡦꡟ	三	ɻɥu	ɻju
284	吾	五魚		ꡟ	一	wu	u
285	該	六佳	ꡂ	ꡭ	一	kaj	kaj
286	開	六佳	ꡁ	ꡭ	一	kʰaj	kʰaj
287	皚	六佳	ꡃ	ꡭ	一	ŋaj	ŋaj
288	䚟	六佳	ꡊ	ꡭ	一	taj	taj
289	胎	六佳	ꡉ	ꡭ	一	tʰaj	tʰaj
290	臺	六佳	ꡈ	ꡭ	一	daj	daj
291	能	六佳	ꡋ	ꡭ	一二	naj	naj
292	齋	六佳	ꡆ	ꡭ	二	tʂaj	tʂaj
293	釵	六佳	ꡅ	ꡭ	二	tʂʰaj	tʂʰaj
294	柴	六佳	ꡄ	ꡭ	二	dʐaj	dʐaj
295	擺	六佳	ꡎ	ꡭ	一二	paj	paj
296	派	六佳	ꡍ	ꡭ	一二	pʰaj	pʰaj
297	牌	六佳	ꡌ	ꡭ	一二	baj	baj
298	埋	六佳	ꡏ	ꡭ	一二	maj	maj
299	烖	六佳	ꡒ	ꡭ	一	tsaj	tsaj
300	猜	六佳	ꡑ	ꡭ	一	tsʰaj	tsʰaj
301	裁	六佳	ꡐ	ꡭ	一	dzaj	dzaj
302	鰓	六佳	ꡛ	ꡭ	一	saj	saj
303	灑	六佳	ꡮ	ꡭ	二	ʂaj	ʂaj
304	咍	六佳	ꡜ	ꡭ	一	χaj	ħaj
305	孩	六佳	ꡣ	ꡭ	一	ʁaj	ʁaj
306	哀	六佳	ꡖ	ꡭ	一	ʡaj	ʔaj
307	娃	六佳	ꡗ	ꡭ	二	ʔjaj	ʔ͡jaj
308	崖	六佳	ꡭ	ꡭ	二	jaj	jaj
309	來	六佳	ꡙ	ꡭ	一	laj	laj
310	乖	六佳	ꡂ	ꡧꡭ	二	kwaj	kwaj
311	快	六佳	ꡁ	ꡧꡭ	二	kʰwaj	kʰwaj
312	衰	六佳	ꡅ	ꡧꡭ	二	tʂʰwaj	tʂʰwaj
313	衰	六佳	ꡮ	ꡧꡭ	二	ʂwaj	ʂwaj
314	砉	六佳	ꡜ	ꡧꡭ	二	χwaj	ħwaj
315	懷	六佳	ꡣ	ꡧꡭ	二	ʁwaj	ʁwaj
316	蛙	六佳	ꡖ	ꡧꡭ	二	ʡwaj	ʔwaj
317	聵	六佳	ꡝ	ꡧꡭ	二	waj	ɦwaj
318	佳	六佳	ꡂ	ꡨꡭ	二	cjaj	kjaj
319	揩	六佳	ꡁ	ꡨꡭ	二	cʰjaj	kʰjaj
320	譮	六佳	ꡜ	ꡨꡭ	二	çjaj	ħjaj
321	膎	六佳	ꡯ	ꡨꡭ	二	ʝjaj	ʝjaj
322	刻	六佳	ꡁ	ꡜꡞꡭ	一	kʰɨj	kʰħij
323	德	六佳	ꡊ	ꡜꡞꡭ	一	tɨj	tħij
324	忒	六佳	ꡉ	ꡜꡞꡭ	一	tʰɨj	tʰħij
325	特	六佳	ꡈ	ꡜꡞꡭ	一	dɨj	dħij
326	昃	六佳	ꡆ	ꡜꡞꡭ	二	tʂɨj	tʂħij
327	測	六佳	ꡅ	ꡜꡞꡭ	二	tʂʰɨj	tʂʰħij
328	崱	六佳	ꡄ	ꡜꡞꡭ	二	dʐɨj	dʐħij
329	則	六佳	ꡒ	ꡜꡞꡭ	一	tsɨj	tsħij
330	賊	六佳	ꡐ	ꡜꡞꡭ	一	dzɨj	dzħij
331	塞	六佳	ꡛ	ꡜꡞꡭ	一	sɨj	sħij
332	色	六佳	ꡮ	ꡜꡞꡭ	二	ʂɨj	ʂħij
333	勒	六佳	ꡙ	ꡜꡞꡭ	一	lɨj	lħij
334	黑	六佳	ꡜ	ꡞꡭ	一	χɨj	ħij
335	劾	六佳	ꡣ	ꡞꡭ	一	ʁɨj	ʁij
336	巾	七真	ꡂ	ꡞꡋ	三	kin	kin
337	勤	七真	ꡀ	ꡞꡋ	三	ɡin	ɡin
338	銀	七真	ꡃ	ꡞꡋ	三	ŋin	ŋin
339	紉	七真	ꡋ	ꡞꡋ	三	nin	nin
340	珍	七真	ꡆ	ꡞꡋ	三	tʂin	tʂin
341	瞋	七真	ꡅ	ꡞꡋ	三	tʂʰin	tʂʰin
342	神	七真	ꡄ	ꡞꡋ	三	dʐin	dʐin
343	賔	七真	ꡎ	ꡞꡋ	三四	pin	pin
344	繽	七真	ꡍ	ꡞꡋ	三四	pʰin	pʰin
345	頻	七真	ꡌ	ꡞꡋ	三四	bin	bin
346	旻	七真	ꡏ	ꡞꡋ	三四	min	min
347	津	七真	ꡒ	ꡞꡋ	四	tsin	tsin
348	親	七真	ꡑ	ꡞꡋ	四	tsʰin	tsʰin
349	秦	七真	ꡐ	ꡞꡋ	四	dzin	dzin
350	辛	七真	ꡛ	ꡞꡋ	四	sin	sin
351	賮	七真	ꡕ	ꡞꡋ	四	zin	zin
352	申	七真	ꡮ	ꡞꡋ	三	ʂin	ʂin
353	辰	七真	ꡚ	ꡞꡋ	三	ʐin	ʐin
354	痕	七真	ꡣ	ꡞꡋ	一	ʁɨn	ʁin
355	殷	七真	ꡖ	ꡞꡋ	三	ʡin	ʔin
356	因	七真	ꡗ	ꡞꡋ	四	ʔin	ʔ͡jin
357	寅	七真	ꡭ	ꡞꡋ	四	in	jin
358	鄰	七真	ꡙ	ꡞꡋ	三	lin	lin
359	人	七真	ꡔ	ꡞꡋ	三	ɻin	ɻin
360	昆	七真	ꡂ	ꡟꡋ	一	kun	kun
361	坤	七真	ꡁ	ꡟꡋ	一	kʰun	kʰun
362	敦	七真	ꡊ	ꡟꡋ	一	tun	tun
363	暾	七真	ꡉ	ꡟꡋ	一	tʰun	tʰun
364	屯	七真	ꡈ	ꡟꡋ	一	dun	dun
365	嫩	七真	ꡋ	ꡟꡋ	一	nun	nun
366	奔	七真	ꡎ	ꡟꡋ	一	pun	pun
367	濆	七真	ꡍ	ꡟꡋ	一	pʰun	pʰun
368	盆	七真	ꡌ	ꡟꡋ	一	bun	bun
369	門	七真	ꡏ	ꡟꡋ	一	mun	mun
370	分	七真	ꡰ	ꡟꡋ	轻	fun	vun
371	汾	七真	ꡤ	ꡟꡋ	轻	vun	fun
372	文	七真	ꡓ	ꡟꡋ	轻	ʋun	wun
373	尊	七真	ꡒ	ꡟꡋ	一	tsun	tsun
374	村	七真	ꡑ	ꡟꡋ	一	tsʰun	tsʰun
375	存	七真	ꡐ	ꡟꡋ	一	dzun	dzun
376	孫	七真	ꡛ	ꡟꡋ	一	sun	sun
377	昏	七真	ꡜ	ꡟꡋ	一	χun	ħun
378	魂	七真	ꡣ	ꡟꡋ	一	ʁun	ʁun
379	溫	七真	ꡖ	ꡟꡋ	一	ʡun	ʔun
380	論	七真	ꡙ	ꡟꡋ	一	lun	lun
381	君	七真	ꡂ	ꡦꡟꡋ	三四	kyn	kjun
382	囷	七真	ꡁ	ꡦꡟꡋ	三	kʰyn	kʰjun
383	群	七真	ꡀ	ꡦꡟꡋ	三	ɡyn	ɡjun
384	屯	七真	ꡆ	ꡦꡟꡋ	三	tʂyn	tʂjun
385	春	七真	ꡅ	ꡦꡟꡋ	三	tʂʰyn	tʂʰjun
386	脣	七真	ꡄ	ꡦꡟꡋ	三	dʐyn	dʐjun
387	遵	七真	ꡒ	ꡦꡟꡋ	四	tsyn	tsjun
388	逡	七真	ꡑ	ꡦꡟꡋ	四	tsʰyn	tsʰjun
389	荀	七真	ꡛ	ꡦꡟꡋ	四	syn	sjun
390	旬	七真	ꡕ	ꡦꡟꡋ	四	zyn	zjun
391	舜	七真	ꡮ	ꡦꡟꡋ	三	ʂyn	ʂjun
392	醇	七真	ꡚ	ꡦꡟꡋ	三	ʐyn	ʐjun
393	薰	七真	ꡜ	ꡦꡟꡋ	三	xyn	ħjun
394	匀	七真	ꡭ	ꡦꡟꡋ	四	yn	jjun
395	淪	七真	ꡙ	ꡦꡟꡋ	三	lyn	ljun
396	犉	七真	ꡔ	ꡦꡟꡋ	三	ɻyn	ɻjun
397	根	七真	ꡂ	ꡜꡞꡋ	一	kɨn	kħin
398	懇	七真	ꡁ	ꡜꡞꡋ	一	kʰɨn	kʰħin
399	吞	七真	ꡉ	ꡜꡞꡋ	一	tʰɨn	tʰħin
400	臻	七真	ꡆ	ꡜꡞꡋ	二	tʂɨn	tʂħin
401	櫬	七真	ꡅ	ꡜꡞꡋ	二	tʂʰɨn	tʂʰħin
402	莘	七真	ꡮ	ꡜꡞꡋ	二	ʂɨn	ʂħin
403	恩	七真	ꡖ	ꡜꡞꡋ	一	ʡɨn	ʔħin
404	緊	七真	ꡂ	ꡦꡞꡋ	四	cin	kjin
405	欣	七真	ꡜ	ꡦꡞꡋ	三	xin	ħjin
406	礥	七真	ꡯ	ꡦꡞꡋ	四	ʝin	ʝjin
407	贇	七真	ꡖ	ꡧꡞꡋ	三	ʡyn	ʔwin
408	雲	七真	ꡝ	ꡧꡞꡋ	三	wyn	ɦwin
409	干	八寒	ꡂ	ꡋ	一	kan	kan
410	看	八寒	ꡁ	ꡋ	一	kʰan	kʰan
411	豻	八寒	ꡃ	ꡋ	一	ŋan	ŋan
412	單	八寒	ꡊ	ꡋ	一	tan	tan
413	灘	八寒	ꡉ	ꡋ	一	tʰan	tʰan
414	壇	八寒	ꡈ	ꡋ	一	dan	dan
415	難	八寒	ꡋ	ꡋ	一二	nan	nan
416	䎒	八寒	ꡆ	ꡋ	二	tʂan	tʂan
417	剗	八寒	ꡅ	ꡋ	二	tʂʰan	tʂʰan
418	潺	八寒	ꡄ	ꡋ	二	dʐan	dʐan
419	班	八寒	ꡎ	ꡋ	二	pan	pan
420	攀	八寒	ꡍ	ꡋ	二	pʰan	pʰan
421	辦	八寒	ꡌ	ꡋ	二	ban	ban
422	蠻	八寒	ꡏ	ꡋ	二	man	man
423	飜	八寒	ꡰ	ꡋ	轻	fan	van
424	蹯	八寒	ꡤ	ꡋ	轻	van	fan
425	晚	八寒	ꡓ	ꡋ	轻	ʋan	wan
426	賛	八寒	ꡒ	ꡋ	一	tsan	tsan
427	餐	八寒	ꡑ	ꡋ	一	tsʰan	tsʰan
428	殘	八寒	ꡐ	ꡋ	一	dzan	dzan
429	跚	八寒	ꡛ	ꡋ	一	san	san
430	刪	八寒	ꡮ	ꡋ	二	ʂan	ʂan
431	䍐	八寒	ꡜ	ꡋ	一	χan	ħan
432	寒	八寒	ꡣ	ꡋ	一	ʁan	ʁan
433	安	八寒	ꡖ	ꡋ	一	ʡan	ʔan
434	殷	八寒	ꡗ	ꡋ	二	ʔjan	ʔ͡jan
435	顔	八寒	ꡭ	ꡋ	二	jan	jan
436	斕	八寒	ꡙ	ꡋ	一二	lan	lan
437	岏	八寒		ꡡꡋ	一	wɔn	on
438	官	八寒	ꡂ	ꡡꡋ	一	kwɔn	kon
439	寬	八寒	ꡁ	ꡡꡋ	一	kʰwɔn	kʰon
440	端	八寒	ꡊ	ꡡꡋ	一	twɔn	ton
441	湍	八寒	ꡉ	ꡡꡋ	一	tʰwɔn	tʰon
442	團	八寒	ꡈ	ꡡꡋ	一	dwɔn	don
443	暖	八寒	ꡋ	ꡡꡋ	一	nwɔn	non
444	𤳖	八寒	ꡎ	ꡡꡋ	一	pwɔn	pon
445	潘	八寒	ꡍ	ꡡꡋ	一	pʰwɔn	pʰon
446	槃	八寒	ꡌ	ꡡꡋ	一	bwɔn	bon
447	瞞	八寒	ꡏ	ꡡꡋ	一	mwɔn	mon
448	鑚	八寒	ꡒ	ꡡꡋ	一	tswɔn	tson
449	竄	八寒	ꡑ	ꡡꡋ	一	tsʰwɔn	tsʰon
450	櫕	八寒	ꡐ	ꡡꡋ	一	dzwɔn	dzon
451	酸	八寒	ꡛ	ꡡꡋ	一	swɔn	son
452	歡	八寒	ꡜ	ꡡꡋ	一	χwɔn	ħon
453	桓	八寒	ꡣ	ꡡꡋ	一	ʁwɔn	ʁon
454	剜	八寒	ꡖ	ꡡꡋ	一	ʡwɔn	ʔon
455	鑾	八寒	ꡙ	ꡡꡋ	一	lwɔn	lon
456	關	八寒	ꡂ	ꡧꡋ	二	kwan	kwan
457	跧	八寒	ꡆ	ꡧꡋ	二	tʂwan	tʂwan
458	篡	八寒	ꡅ	ꡧꡋ	二	tʂʰwan	tʂʰwan
459	撰	八寒	ꡄ	ꡧꡋ	二	dʐwan	dʐwan
460	還	八寒	ꡣ	ꡧꡋ	二	ʁwan	ʁwan
461	彎	八寒	ꡖ	ꡧꡋ	二	ʡwan	ʔwan
462	頑	八寒	ꡝ	ꡧꡋ	二	wan	ɦwan
463	閒	八寒	ꡂ	ꡨꡋ	二	cjan	kjan
464	豻	八寒	ꡁ	ꡨꡋ	二	cʰjan	kʰjan
465	閑	八寒	ꡯ	ꡨꡋ	二	ʝjan	ʝjan
466	𢳚	九先	ꡂ	ꡠꡋ	三	kjɛn	ken
467	愆	九先	ꡁ	ꡠꡋ	三	kʰjɛn	kʰen
468	乾	九先	ꡀ	ꡠꡋ	三	ɡjɛn	ɡen
469	言	九先	ꡃ	ꡠꡋ	三	ŋjɛn	ŋen
470	顚	九先	ꡊ	ꡠꡋ	四	tjɛn	ten
471	天	九先	ꡉ	ꡠꡋ	四	tʰjɛn	tʰen
472	田	九先	ꡈ	ꡠꡋ	四	djɛn	den
473	秊	九先	ꡋ	ꡠꡋ	三四	njɛn	nen
474	邅	九先	ꡆ	ꡠꡋ	三	tʂjɛn	tʂen
475	纏	九先	ꡄ	ꡠꡋ	三	dʐjɛn	dʐen
476	蹁	九先	ꡌ	ꡠꡋ	三四	bjɛn	ben
477	眠	九先	ꡏ	ꡠꡋ	三四	mjɛn	men
478	前	九先	ꡐ	ꡠꡋ	四	dzjɛn	dzen
479	㳄	九先	ꡕ	ꡠꡋ	四	zjɛn	zen
480	鋋	九先	ꡚ	ꡠꡋ	三	ʐjɛn	ʐen
481	延	九先	ꡭ	ꡠꡋ	四	jɛn	jen
482	蓮	九先	ꡙ	ꡠꡋ	三四	ljɛn	len
483	然	九先	ꡔ	ꡠꡋ	三	ɻjɛn	ɻen
484	堅	九先	ꡂ	ꡦꡋ	四	cjɛn	kjen
485	牽	九先	ꡁ	ꡦꡋ	四	cʰjɛn	kʰjen
486	饘	九先	ꡆ	ꡦꡋ	三	tʂjɛn	tʂjen
487	燀	九先	ꡅ	ꡦꡋ	三	tʂʰjɛn	tʂʰjen
488	邊	九先	ꡎ	ꡦꡋ	三四	pjɛn	pjen
489	篇	九先	ꡍ	ꡦꡋ	三四	pʰjɛn	pʰjen
490	箋	九先	ꡒ	ꡦꡋ	四	tsjɛn	tsjen
491	千	九先	ꡑ	ꡦꡋ	四	tsʰjɛn	tsʰjen
492	先	九先	ꡛ	ꡦꡋ	四	sjɛn	sjen
493	羶	九先	ꡮ	ꡦꡋ	三	ʂjɛn	ʂjen
494	軒	九先	ꡜ	ꡦꡋ	三四	xjɛn	ħjen
495	焉	九先	ꡖ	ꡦꡋ	三	ʡjɛn	ʔjen
496	煙	九先	ꡗ	ꡦꡋ	四	ʔjɛn	ʔ͡jjen
497	涓	九先	ꡂ	ꡧꡦꡋ	四	cɥɛn	kwjen
498	犬	九先	ꡁ	ꡧꡦꡋ	四	cʰɥɛn	kʰwjen
499	權	九先	ꡀ	ꡧꡦꡋ	三四	ɡɥɔn	ɡwjen
500	專	九先	ꡆ	ꡧꡦꡋ	三	tʂɥɛn	tʂwjen
501	穿	九先	ꡅ	ꡧꡦꡋ	三	tʂʰɥɛn	tʂʰwjen
502	船	九先	ꡄ	ꡧꡦꡋ	三	dʐɥɛn	dʐwjen
503	鐫	九先	ꡒ	ꡧꡦꡋ	四	tsɥɛn	tswjen
504	詮	九先	ꡑ	ꡧꡦꡋ	四	tsʰɥɛn	tsʰwjen
505	全	九先	ꡐ	ꡧꡦꡋ	四	dzɥɛn	dzwjen
506	宣	九先	ꡛ	ꡧꡦꡋ	四	sɥɛn	swjen
507	旋	九先	ꡕ	ꡧꡦꡋ	四	zɥɛn	zwjen
508	遄	九先	ꡚ	ꡧꡦꡋ	三	ʐɥɛn	ʐwjen
509	翾	九先	ꡜ	ꡧꡦꡋ	三四	xɥɔn	ħwjen
510	玄	九先	ꡯ	ꡧꡦꡋ	四	ʝɥɛn	ʝwjen
511	鴛	九先	ꡖ	ꡧꡦꡋ	三	ʡɥɔn	ʔwjen
512	元	九先	ꡝ	ꡧꡦꡋ	三	wɥɔn	ɦwjen
513	淵	九先	ꡗ	ꡧꡦꡋ	四	ʔɥɛn	ʔ͡jwjen
514	沿	九先	ꡭ	ꡧꡦꡋ	四	ɥɛn	jwjen
515	堧	九先	ꡔ	ꡧꡦꡋ	三	ɻɥɛn	ɻwjen
516	卷	九先	ꡂ	ꡦꡡꡋ	三	kɥɔn	kjon
517	弮	九先	ꡁ	ꡦꡡꡋ	三	kʰɥɔn	kʰjon
518	攣	九先	ꡙ	ꡦꡡꡋ	三	lɥɔn	ljon
519	賢	九先	ꡯ	ꡦꡠꡋ	四	ʝjɛn	ʝjeen
520	高	十蕭	ꡂ	ꡓ	一	kaw	kaw
521	考	十蕭	ꡁ	ꡓ	一	kʰaw	kʰaw
522	敖	十蕭	ꡃ	ꡓ	一	ŋaw	ŋaw
523	刀	十蕭	ꡊ	ꡓ	一	taw	taw
524	饕	十蕭	ꡉ	ꡓ	一	tʰaw	tʰaw
525	陶	十蕭	ꡈ	ꡓ	一	daw	daw
526	猱	十蕭	ꡋ	ꡓ	一二	naw	naw
527	嘲	十蕭	ꡆ	ꡓ	二	tʂaw	tʂaw
528	抄	十蕭	ꡅ	ꡓ	二	tʂʰaw	tʂʰaw
529	巢	十蕭	ꡄ	ꡓ	二	dʐaw	dʐaw
530	褒	十蕭	ꡎ	ꡓ	一二	paw	paw
531	胞	十蕭	ꡍ	ꡓ	一二	pʰaw	pʰaw
532	庖	十蕭	ꡌ	ꡓ	一二	baw	baw
533	毛	十蕭	ꡏ	ꡓ	一二	maw	maw
534	縛	十蕭	ꡤ	ꡓ	轻	vaw	faw
535	戄	十蕭	ꡜ	ꡧꡦꡓ	三	xɥɛw	ħwjew
536	糟	十蕭	ꡒ	ꡓ	一	tsaw	tsaw
537	操	十蕭	ꡑ	ꡓ	一	tsʰaw	tsʰaw
538	曹	十蕭	ꡐ	ꡓ	一	dzaw	dzaw
539	騷	十蕭	ꡛ	ꡓ	一	saw	saw
540	梢	十蕭	ꡮ	ꡓ	二	ʂaw	ʂaw
541	蒿	十蕭	ꡜ	ꡓ	一	χaw	ħaw
542	豪	十蕭	ꡣ	ꡓ	一	ʁaw	ʁaw
543	䥝	十蕭	ꡖ	ꡓ	一	ʡaw	ʔaw
544	坳	十蕭	ꡗ	ꡓ	二	ʔjaw	ʔ͡jaw
545	聱	十蕭	ꡭ	ꡓ	二	jaw	jaw
546	勞	十蕭	ꡙ	ꡓ	一	law	law
547	驕	十蕭	ꡂ	ꡠꡓ	三	kjɛw	kew
548	趫	十蕭	ꡁ	ꡠꡓ	三	kʰjɛw	kʰew
549	喬	十蕭	ꡀ	ꡠꡓ	三	ɡjɛw	ɡew
550	鴞	十蕭	ꡃ	ꡠꡓ	三	ŋjɛw	ŋew
551	迢	十蕭	ꡈ	ꡠꡓ	四	djɛw	dew
552	朝	十蕭	ꡆ	ꡠꡓ	二三	tʂjɛw	tʂew
553	弨	十蕭	ꡅ	ꡠꡓ	三	tʂʰjɛw	tʂʰew
554	晁	十蕭	ꡄ	ꡠꡓ	三	dʐjɛw	dʐew
555	鑣	十蕭	ꡎ	ꡠꡓ	三四	pjɛw	pew
556	瓢	十蕭	ꡌ	ꡠꡓ	三四	bjɛw	bew
557	苗	十蕭	ꡏ	ꡠꡓ	三四	mjɛw	mew
558	燒	十蕭	ꡮ	ꡠꡓ	三	ʂjɛw	ʂew
559	韶	十蕭	ꡚ	ꡠꡓ	三	ʐjɛw	ʐew
560	嚻	十蕭	ꡜ	ꡠꡓ	三	xjɛw	ħew
561	妖	十蕭	ꡖ	ꡠꡓ	三	ʡjɛw	ʔew
562	堯	十蕭	ꡭ	ꡠꡓ	四	jɛw	jew
563	聊	十蕭	ꡙ	ꡠꡓ	三四	ljɛw	lew
564	饒	十蕭	ꡔ	ꡠꡓ	三	ɻjɛw	ɻew
565	驍	十蕭	ꡂ	ꡦꡓ	四	cjɛw	kjew
566	蹻	十蕭	ꡁ	ꡦꡓ	四	cʰjɛw	kʰjew
567	翹	十蕭	ꡀ	ꡦꡓ	四	ɟjɛw	ɡjew
568	貂	十蕭	ꡊ	ꡦꡓ	四	tjɛw	tjew
569	祧	十蕭	ꡉ	ꡦꡓ	四	tʰjɛw	tʰjew
570	嫋	十蕭	ꡋ	ꡦꡓ	三四	njɛw	njew
571	超	十蕭	ꡅ	ꡦꡓ	三	tʂʰjɛw	tʂʰjew
572	漂	十蕭	ꡍ	ꡦꡓ	三四	pʰjɛw	pʰjew
573	焦	十蕭	ꡒ	ꡦꡓ	四	tsjɛw	tsjew
574	鍫	十蕭	ꡑ	ꡦꡓ	四	tsʰjɛw	tsʰjew
575	樵	十蕭	ꡐ	ꡦꡓ	四	dzjɛw	dzjew
576	簫	十蕭	ꡛ	ꡦꡓ	四	sjɛw	sjew
577	嘵	十蕭	ꡜ	ꡦꡓ	四	çjɛw	ħjew
578	皛	十蕭	ꡯ	ꡦꡓ	四	ʝjɛw	ʝjew
579	幺	十蕭	ꡗ	ꡦꡓ	四	ʔjɛw	ʔ͡jjew
580	郭	十蕭	ꡂ	ꡧꡓ	一	kwaw	kwaw
581	廓	十蕭	ꡁ	ꡧꡓ	一	kʰwaw	kʰwaw
582	搦	十蕭	ꡋ	ꡧꡓ	二	nwaw	nwaw
583	捉	十蕭	ꡆ	ꡧꡓ	二	tʂwaw	tʂwaw
584	逴	十蕭	ꡅ	ꡧꡓ	二	tʂʰwaw	tʂʰwaw
585	浞	十蕭	ꡄ	ꡧꡓ	二	dʐwaw	dʐwaw
586	朔	十蕭	ꡮ	ꡧꡓ	二	ʂwaw	ʂwaw
587	霍	十蕭	ꡜ	ꡧꡓ	一	χwaw	ħwaw
588	穫	十蕭	ꡣ	ꡧꡓ	一	ʁwaw	ʁwaw
589	雘	十蕭	ꡖ	ꡧꡓ	一	ʡwaw	ʔwaw
590	犖	十蕭	ꡙ	ꡧꡓ	二	lwaw	lwaw
591	交	十蕭	ꡂ	ꡨꡓ	二	cjaw	kjaw
592	敲	十蕭	ꡁ	ꡨꡓ	二	cʰjaw	kʰjaw
593	虓	十蕭	ꡜ	ꡨꡓ	二	çjaw	ħjaw
594	肴	十蕭	ꡯ	ꡨꡓ	二	ʝjaw	ʝjaw
595	玃	十蕭	ꡂ	ꡧꡦꡓ	三	kɥɛw	kwjew
596	躩	十蕭	ꡁ	ꡧꡦꡓ	三	kʰɥɛw	kʰwjew
597	嬳	十蕭	ꡖ	ꡧꡦꡓ	三	ʡɥɛw	ʔwjew
598	籰	十蕭	ꡝ	ꡧꡦꡓ	三	wɥɛw	ɦwjew
599	寳	十蕭	ꡎ	ꡖꡡ	一	paw	paʔo
600	鳩	十一尤	ꡂ	ꡞꡓ	三	kiw	kiw
601	邱	十一尤	ꡁ	ꡞꡓ	三	kʰiw	kʰiw
602	裘	十一尤	ꡀ	ꡞꡓ	三	ɡiw	ɡiw
603	牛	十一尤	ꡃ	ꡞꡓ	三	ŋiw	ŋiw
604	輈	十一尤	ꡆ	ꡞꡓ	三	tʂiw	tʂiw
605	抽	十一尤	ꡅ	ꡞꡓ	三	tʂʰiw	tʂʰiw
606	儔	十一尤	ꡄ	ꡞꡓ	三	dʐiw	dʐiw
607	紐	十一尤	ꡇ	ꡞꡓ	三	niw	ɲiw
608	彪	十一尤	ꡎ	ꡞꡓ	四	piw	piw
609	繆	十一尤	ꡏ	ꡞꡓ	四	miw	miw
610	啾	十一尤	ꡒ	ꡞꡓ	四	tsiw	tsiw
611	秋	十一尤	ꡑ	ꡞꡓ	四	tsʰiw	tsʰiw
612	酋	十一尤	ꡐ	ꡞꡓ	四	dziw	dziw
613	脩	十一尤	ꡛ	ꡞꡓ	四	siw	siw
614	囚	十一尤	ꡕ	ꡞꡓ	四	ziw	ziw
615	收	十一尤	ꡮ	ꡞꡓ	三	ʂiw	ʂiw
616	讎	十一尤	ꡚ	ꡞꡓ	三	ʐiw	ʐiw
617	吼	十一尤	ꡜ	ꡞꡓ	一	χɨw	ħiw
618	侯	十一尤	ꡣ	ꡞꡓ	一	ʁɨw	ʁiw
619	憂	十一尤	ꡖ	ꡞꡓ	三	ʡiw	ʔiw
620	幽	十一尤	ꡗ	ꡞꡓ	四	ʔiw	ʔ͡jiw
621	猷	十一尤	ꡭ	ꡞꡓ	四	iw	jiw
622	劉	十一尤	ꡙ	ꡞꡓ	三四	liw	liw
623	柔	十一尤	ꡔ	ꡞꡓ	三	ɻiw	ɻiw
624	掊	十一尤	ꡎ	ꡟꡓ	一	puw	puw
625	剖	十一尤	ꡍ	ꡟꡓ	一	pʰuw	pʰuw
626	裒	十一尤	ꡌ	ꡟꡓ	一	buw	buw
627	母	十一尤	ꡏ	ꡟꡓ	一	muw	muw
628	不	十一尤	ꡰ	ꡟꡓ	轻	fuw	vuw
629	謀	十一尤	ꡓ	ꡟꡓ	轻	ʋuw	wuw
630	鉤	十一尤	ꡂ	ꡜꡞꡓ	一	kɨw	kħiw
631	彄	十一尤	ꡁ	ꡜꡞꡓ	一	kʰɨw	kʰħiw
632	藕	十一尤	ꡃ	ꡜꡞꡓ	一	ŋɨw	ŋħiw
633	兠	十一尤	ꡊ	ꡜꡞꡓ	一	tɨw	tħiw
634	偷	十一尤	ꡉ	ꡜꡞꡓ	一	tʰɨw	tʰħiw
635	頭	十一尤	ꡈ	ꡜꡞꡓ	一	dɨw	dħiw
636	㝅	十一尤	ꡋ	ꡜꡞꡓ	一	nɨw	nħiw
637	鄒	十一尤	ꡆ	ꡜꡞꡓ	二	tʂɨw	tʂħiw
638	搊	十一尤	ꡅ	ꡜꡞꡓ	二	tʂʰɨw	tʂʰħiw
639	愁	十一尤	ꡄ	ꡜꡞꡓ	二	dʐɨw	dʐħiw
640	緅	十一尤	ꡒ	ꡜꡞꡓ	一	tsɨw	tsħiw
641	趣	十一尤	ꡑ	ꡜꡞꡓ	一	tsʰɨw	tsʰħiw
642	鯫	十一尤	ꡐ	ꡜꡞꡓ	一	dzɨw	dzħiw
643	摗	十一尤	ꡛ	ꡜꡞꡓ	一	sɨw	sħiw
644	𢯱	十一尤	ꡮ	ꡜꡞꡓ	二	ʂɨw	ʂħiw
645	謳	十一尤	ꡖ	ꡜꡞꡓ	一	ʡɨw	ʔħiw
646	樓	十一尤	ꡙ	ꡜꡞꡓ	一	lɨw	lħiw
647	樛	十一尤	ꡂ	ꡦꡞꡓ	四	ciw	kjiw
648	虯	十一尤	ꡀ	ꡦꡞꡓ	四	ɟiw	ɡjiw
649	休	十一尤	ꡜ	ꡦꡞꡓ	三四	xiw	ħjiw
650	浮	十一尤	ꡤ	ꡡꡓ	轻	vuw	fow
651	甘	十二覃	ꡂ	ꡏ	一	kam	kam
652	龕	十二覃	ꡁ	ꡏ	一	kʰam	kʰam
653	𪉧	十二覃	ꡊ	ꡏ	一	tam	tam
654	貪	十二覃	ꡉ	ꡏ	一	tʰam	tʰam
655	覃	十二覃	ꡈ	ꡏ	一	dam	dam
656	南	十二覃	ꡋ	ꡏ	一二	nam	nam
657	斬	十二覃	ꡆ	ꡏ	二	tʂam	tʂam
658	攙	十二覃	ꡅ	ꡏ	二	tʂʰam	tʂʰam
659	讒	十二覃	ꡄ	ꡏ	二	dʐam	dʐam
660	汎	十二覃	ꡰ	ꡏ	轻	fam	vam
661	凡	十二覃	ꡤ	ꡏ	轻	vam	fam
662	錽	十二覃	ꡓ	ꡏ	轻	ʋam	wam
663	簪	十二覃	ꡒ	ꡏ	一	tsam	tsam
664	參	十二覃	ꡑ	ꡏ	一	tsʰam	tsʰam
665	蠶	十二覃	ꡐ	ꡏ	一	dzam	dzam
666	毿	十二覃	ꡛ	ꡏ	一	sam	sam
667	攕	十二覃	ꡮ	ꡏ	二	ʂam	ʂam
668	憨	十二覃	ꡜ	ꡏ	一	χam	ħam
669	含	十二覃	ꡣ	ꡏ	一	ʁam	ʁam
670	諳	十二覃	ꡖ	ꡏ	一	ʡam	ʔam
671	黤	十二覃	ꡗ	ꡏ	二	ʔjam	ʔ͡jam
672	嵒	十二覃	ꡭ	ꡏ	二	jam	jam
673	婪	十二覃	ꡙ	ꡏ	一	lam	lam
674	檢	十二覃	ꡂ	ꡠꡏ	三	kjɛm	kem
675	欠	十二覃	ꡁ	ꡠꡏ	三	kʰjɛm	kʰem
676	箝	十二覃	ꡀ	ꡠꡏ	三	ɡjɛm	ɡem
677	嚴	十二覃	ꡃ	ꡠꡏ	三	ŋjɛm	ŋem
678	點	十二覃	ꡊ	ꡠꡏ	四	tjɛm	tem
679	添	十二覃	ꡉ	ꡠꡏ	四	tʰjɛm	tʰem
680	甜	十二覃	ꡈ	ꡠꡏ	四	djɛm	dem
681	鮎	十二覃	ꡋ	ꡠꡏ	四	njɛm	nem
682	霑	十二覃	ꡆ	ꡠꡏ	三	tʂjɛm	tʂem
683	覘	十二覃	ꡅ	ꡠꡏ	三	tʂʰjɛm	tʂʰem
684	黏	十二覃	ꡇ	ꡠꡏ	三	njɛm	ɲem
685	砭	十二覃	ꡎ	ꡠꡏ	三	pjɛm	pem
686	尖	十二覃	ꡒ	ꡠꡏ	四	tsjɛm	tsem
687	僉	十二覃	ꡑ	ꡠꡏ	四	tsʰjɛm	tsʰem
688	銛	十二覃	ꡛ	ꡠꡏ	四	sjɛm	sem
689	苫	十二覃	ꡮ	ꡠꡏ	三	ʂjɛm	ʂem
690	撏	十二覃	ꡚ	ꡠꡏ	三	ʐjɛm	ʐem
691	淹	十二覃	ꡖ	ꡠꡏ	三	ʡjɛm	ʔem
692	炎	十二覃	ꡭ	ꡠꡏ	四	jɛm	jem
693	廉	十二覃	ꡙ	ꡠꡏ	三四	ljɛm	lem
694	𩓾	十二覃	ꡔ	ꡠꡏ	三	ɻjɛm	ɻem
695	兼	十二覃	ꡂ	ꡦꡏ	四	cjɛm	kjem
696	謙	十二覃	ꡁ	ꡦꡏ	四	cʰjɛm	kʰjem
697	潛	十二覃	ꡐ	ꡦꡏ	四	dzjɛm	dzjem
698	懕	十二覃	ꡗ	ꡦꡏ	四	ʔjɛm	ʔ͡jjem
699	緘	十二覃	ꡂ	ꡨꡏ	二	cjam	kjam
700	歉	十二覃	ꡁ	ꡨꡏ	二	cʰjam	kʰjam
701	喊	十二覃	ꡜ	ꡨꡏ	二	çjam	ħjam
702	咸	十二覃	ꡯ	ꡨꡏ	二	ʝjam	ʝjam
703	杴	十二覃	ꡜ	ꡦꡠꡏ	三	xjɛm	ħjeem
704	嫌	十二覃	ꡯ	ꡦꡠꡏ₂	四	ʝjɛm	ʝjeem₂
705	金	十三侵	ꡂ	ꡞꡏ	三	kim	kim
706	欽	十三侵	ꡁ	ꡞꡏ	三	kʰim	kʰim
707	琴	十三侵	ꡀ	ꡞꡏ	三	ɡim	ɡim
708	吟	十三侵	ꡃ	ꡞꡏ	三	ŋim	ŋim
709	碪	十三侵	ꡆ	ꡞꡏ	三	tʂim	tʂim
710	琛	十三侵	ꡅ	ꡞꡏ	三	tʂʰim	tʂʰim
711	沈	十三侵	ꡄ	ꡞꡏ	三	dʐim	dʐim
712	賃	十三侵	ꡇ	ꡞꡏ	三	nim	ɲim
713	稟	十三侵	ꡎ	ꡞꡏ	三	pim	pim
714	品	十三侵	ꡍ	ꡞꡏ	三	pʰim	pʰim
715	梫	十三侵	ꡒ	ꡞꡏ	四	tsim	tsim
716	侵	十三侵	ꡑ	ꡞꡏ	四	tsʰim	tsʰim
717	心	十三侵	ꡛ	ꡞꡏ	四	sim	sim
718	尋	十三侵	ꡕ	ꡞꡏ	四	zim	zim
719	深	十三侵	ꡮ	ꡞꡏ	三	ʂim	ʂim
720	諶	十三侵	ꡚ	ꡞꡏ	三	ʐim	ʐim
721	音	十三侵	ꡖ	ꡞꡏ	三	ʡim	ʔim
722	愔	十三侵	ꡗ	ꡞꡏ	四	ʔim	ʔ͡jim
723	淫	十三侵	ꡭ	ꡞꡏ	四	im	jim
724	林	十三侵	ꡙ	ꡞꡏ	三	lim	lim
725	任	十三侵	ꡔ	ꡞꡏ	三	ɻim	ɻim
726	簪	十三侵	ꡆ	ꡜꡞꡏ	二	tʂɨm	tʂħim
727	嵾	十三侵	ꡅ	ꡜꡞꡏ	二	tʂʰɨm	tʂʰħim
728	岑	十三侵	ꡄ	ꡜꡞꡏ	二	dʐɨm	dʐħim
729	森	十三侵	ꡮ	ꡜꡞꡏ	二	ʂɨm	ʂħim
730	歆	十三侵	ꡜ	ꡦꡞꡏ	三	xim	ħjim
731	歌	十四歌	ꡂ	ꡡ	一	kʌ	ko
732	珂	十四歌	ꡁ	ꡡ	一	kʰʌ	kʰo
733	莪	十四歌	ꡃ	ꡡ	一	ŋʌ	ŋo
734	多	十四歌	ꡊ	ꡡ	一	tʌ	to
735	佗	十四歌	ꡉ	ꡡ	一	tʰʌ	tʰo
736	駝	十四歌	ꡈ	ꡡ	一	dʌ	do
737	那	十四歌	ꡋ	ꡡ	一	nʌ	no
738	左	十四歌	ꡒ	ꡡ	一	tsʌ	tso
739	蹉	十四歌	ꡑ	ꡡ	一	tsʰʌ	tsʰo
740	醝	十四歌	ꡐ	ꡡ	一	dzʌ	dzo
741	娑	十四歌	ꡛ	ꡡ	一	sʌ	so
742	訶	十四歌	ꡜ	ꡡ	一	χʌ	ħo
743	何	十四歌	ꡣ	ꡡ	一	ʁʌ	ʁo
744	阿	十四歌	ꡖ	ꡡ	一	ʡʌ	ʔo
745	羅	十四歌	ꡙ	ꡡ	一	lʌ	lo
746	戈	十四歌	ꡂ	ꡧꡡ	一	kwɔ	kwo
747	科	十四歌	ꡁ	ꡧꡡ	一	kʰwɔ	kʰwo
748	埵	十四歌	ꡊ	ꡧꡡ	一	twɔ	two
749	詑	十四歌	ꡉ	ꡧꡡ	一	tʰwɔ	tʰwo
750	墮	十四歌	ꡈ	ꡧꡡ	一	dwɔ	dwo
751	捼	十四歌	ꡋ	ꡧꡡ	一	nwɔ	nwo
752	波	十四歌	ꡎ	ꡧꡡ	一	pwɔ	pwo
753	頗	十四歌	ꡍ	ꡧꡡ	一	pʰwɔ	pʰwo
754	婆	十四歌	ꡌ	ꡧꡡ	一	bwɔ	bwo
755	摩	十四歌	ꡏ	ꡧꡡ	一	mwɔ	mwo
756	挫	十四歌	ꡒ	ꡧꡡ	一	tswɔ	tswo
757	脞	十四歌	ꡑ	ꡧꡡ	一	tsʰwɔ	tsʰwo
758	矬	十四歌	ꡐ	ꡧꡡ	一	dzwɔ	dzwo
759	莎	十四歌	ꡛ	ꡧꡡ	一	swɔ	swo
760	火	十四歌	ꡜ	ꡧꡡ	一	χwɔ	ħwo
761	和	十四歌	ꡣ	ꡧꡡ	一	ʁwɔ	ʁwo
762	倭	十四歌	ꡖ	ꡧꡡ	一	ʡwɔ	ʔwo
763	騾	十四歌	ꡙ	ꡧꡡ	一	lwɔ	lwo
764	訛	十四歌		ꡡ	一	wɔ	o
765	結	十五麻	ꡂ	ꡦ	四	cjɛ	kje
766	挈	十五麻	ꡁ	ꡦ	四	cʰjɛ	kʰje
767	窒	十五麻	ꡊ	ꡦ	四	tjɛ	tje
768	鐵	十五麻	ꡉ	ꡦ	四	tʰjɛ	tʰje
769	湼	十五麻	ꡋ	ꡦ	三四	njɛ	nje
770	遮	十五麻	ꡆ	ꡦ	三	tʂjɛ	tʂje
771	車	十五麻	ꡅ	ꡦ	三	tʂʰjɛ	tʂʰje
772	㢼	十五麻	ꡎ	ꡦ	三四	pjɛ	pje
773	瞥	十五麻	ꡍ	ꡦ	四	pʰjɛ	pʰje
774	乜	十五麻	ꡏ	ꡦ	四	mjɛ	mje
775	嗟	十五麻	ꡒ	ꡦ	四	tsjɛ	tsje
776	且	十五麻	ꡑ	ꡦ	四	tsʰjɛ	tsʰje
777	些	十五麻	ꡛ	ꡦ	四	sjɛ	sje
778	奢	十五麻	ꡮ	ꡦ	三	ʂjɛ	ʂje
779	脅	十五麻	ꡜ	ꡦ	四	çjɛ	ħje
780	纈	十五麻	ꡯ	ꡦ	四	ʝjɛ	ʝje
781	謁	十五麻	ꡖ	ꡦ	三	ʡjɛ	ʔje
782	噎	十五麻	ꡗ	ꡦ	四	ʔjɛ	ʔ͡jje
783	齧	十五麻	ꡭ	ꡦ	四	jɛ	jje
784	列	十五麻	ꡙ	ꡦ	三四	ljɛ	lje
785	惹	十五麻	ꡔ	ꡦ	三	ɻjɛ	ɻje
786	瓜	十五麻	ꡂ	ꡧ	二	kwa	kwa
787	誇	十五麻	ꡁ	ꡧ	二	kʰwa	kʰwa
788	豽	十五麻	ꡋ	ꡧ	二	nwa	nwa
789	檛	十五麻	ꡆ	ꡧ	二	tʂwa	tʂwa
790	葰	十五麻	ꡮ	ꡧ	二	ʂwa	ʂwa
791	華	十五麻	ꡜ	ꡧ	二	χwa	ħwa
792	華	十五麻	ꡣ	ꡧ	二	ʁwa	ʁwa
793	窊	十五麻	ꡖ	ꡧ	二	ʡwa	ʔwa
794	瓦	十五麻	ꡝ	ꡧ	二	wa	ɦwa
795	嘉	十五麻	ꡂ	ꡨ	二	cja	kja
796	骼	十五麻	ꡁ	ꡨ	二	cʰja	kʰja
797	鰕	十五麻	ꡜ	ꡨ	二	çja	ħja
798	遐	十五麻	ꡯ	ꡨ	二	ʝja	ʝja
799	玦	十五麻	ꡂ	ꡧꡦ	四	cɥɛ	kwje
800	闋	十五麻	ꡁ	ꡧꡦ	四	cʰɥɛ	kʰwje
801	輟	十五麻	ꡆ	ꡧꡦ	三	tʂɥɛ	tʂwje
802	歠	十五麻	ꡅ	ꡧꡦ	三	tʂʰɥɛ	tʂʰwje
803	蕝	十五麻	ꡒ	ꡧꡦ	四	tsɥɛ	tswje
804	絕	十五麻	ꡐ	ꡧꡦ	四	dzɥɛ	dzwje
805	雪	十五麻	ꡛ	ꡧꡦ	四	sɥɛ	swje
806	𧋍	十五麻	ꡕ	ꡧꡦ	四	zɥɛ	zwje
807	說	十五麻	ꡮ	ꡧꡦ	三	ʂɥɛ	ʂwje
808	啜	十五麻	ꡚ	ꡧꡦ	三	ʐɥɛ	ʐwje
809	血	十五麻	ꡜ	ꡧꡦ	四	çɥɛ	ħwje
810	穴	十五麻	ꡯ	ꡧꡦ	四	ʝɥɛ	ʝwje
811	抉	十五麻	ꡖ	ꡧꡦ	四	ʔɥɛ	ʔwje
812	月	十五麻	ꡝ	ꡧꡦ	三	wɥɛ	ɦwje
813	悅	十五麻	ꡭ	ꡧꡦ	四	ɥɛ	jwje
814	劣	十五麻	ꡙ	ꡧꡦ	三	lɥɛ	lwje
815	爇	十五麻	ꡔ	ꡧꡦ	三	ɻɥɛ	ɻwje
816	厥	十五麻	ꡂ	ꡧꡠ	三	kɥɛ	kwe
817	闕	十五麻	ꡁ	ꡧꡠ	三	kʰɥɛ	kʰwe
818	瘸	十五麻	ꡀ	ꡧꡠ	三	ɡɥɛ	ɡwe
819	鞾	十五麻	ꡜ	ꡧꡠ	三	xɥɛ	ħwe
820	迦	十五麻	ꡂ	ꡠ	三	kjɛ	ke
821	呿	十五麻	ꡁ	ꡠ	三	kʰjɛ	kʰe
822	伽	十五麻	ꡀ	ꡠ	三	ɡjɛ	ɡe
823	钀	十五麻	ꡃ	ꡠ	三	ŋjɛ	ŋe
824	姪	十五麻	ꡈ	ꡠ	四	djɛ	de
825	蛇	十五麻	ꡄ	ꡠ	三	dʐjɛ	dʐe
826	蹩	十五麻	ꡌ	ꡠ	三四	bjɛ	be
827	藉	十五麻	ꡐ	ꡠ	四	dzjɛ	dze
828	衺	十五麻	ꡕ	ꡠ	四	zjɛ	ze
829	闍	十五麻	ꡚ	ꡠ	三	ʐjɛ	ʐe
830	歇	十五麻	ꡜ	ꡠ	三	xjɛ	ħe
831	邪	十五麻	ꡭ	ꡠ	四	jɛ	je
832	怛	十五麻	ꡊ		一二	ta	ta
833	闥	十五麻	ꡉ		一	tʰa	tʰa
834	達	十五麻	ꡈ		一	da	da
835	拏	十五麻	ꡋ		一二	na	na
836	樝	十五麻	ꡆ		二	tʂa	tʂa
837	叉	十五麻	ꡅ		二	tʂʰa	tʂʰa
838	𣘻	十五麻	ꡄ		二	dʐa	dʐa
839	巴	十五麻	ꡎ		二	pa	pa
840	葩	十五麻	ꡍ		二	pʰa	pʰa
841	爬	十五麻	ꡌ		二	ba	ba
842	麻	十五麻	ꡏ		二	ma	ma
843	髮	十五麻	ꡰ		轻	fa	va
844	伐	十五麻	ꡤ		轻	va	fa
845	韤	十五麻	ꡓ		轻	ʋa	wa
846	帀	十五麻	ꡒ		一	tsa	tsa
847	攃	十五麻	ꡑ		一	tsʰa	tsʰa
848	巀	十五麻	ꡐ		一	dza	dza
849	躠	十五麻	ꡛ		一	sa	sa
850	鯊	十五麻	ꡮ		二	ʂa	ʂa
851	鴉	十五麻	ꡗ		二	ʔja	ʔ͡ja
852	牙	十五麻	ꡭ		二	ja	ja
853	剌	十五麻	ꡙ		一	la	la
